video_name,generated_description
0.mp4,Полученное описание
1.mp4,Полученное описание
2.mp4,Полученное описание
3.mp4,Полученное описание
4.mp4,Полученное описание
5.mp4,Полученное описание
6.mp4,Полученное описание
7.mp4,Полученное описание
8.mp4,Полученное описание
9.mp4,Полученное описание
10.mp4,Полученное описание
11.mp4,Полученное описание
12.mp4,Полученное описание
13.mp4,Полученное описание
14.mp4,Полученное описание
15.mp4,Полученное описание
16.mp4,Полученное описание
17.mp4,Полученное описание
18.mp4,Полученное описание
19.mp4,Полученное описание
20.mp4,Полученное описание
21.mp4,Полученное описание
22.mp4,Полученное описание
23.mp4,Полученное описание
24.mp4,Полученное описание
25.mp4,Полученное описание
26.mp4,Полученное описание
27.mp4,Полученное описание
28.mp4,Полученное описание
29.mp4,Полученное описание
30.mp4,Полученное описание
31.mp4,Полученное описание
32.mp4,Полученное описание
33.mp4,Полученное описание
34.mp4,Полученное описание
35.mp4,Полученное описание
36.mp4,Полученное описание
37.mp4,Полученное описание
38.mp4,Полученное описание
39.mp4,Полученное описание
40.mp4,Полученное описание
41.mp4,Полученное описание
42.mp4,Полученное описание
43.mp4,Полученное описание
44.mp4,Полученное описание
45.mp4,Полученное описание
46.mp4,Полученное описание
47.mp4,Полученное описание
48.mp4,Полученное описание
49.mp4,Полученное описание
50.mp4,Полученное описание
51.mp4,Полученное описание
52.mp4,Полученное описание
53.mp4,Полученное описание
54.mp4,Полученное описание
55.mp4,Полученное описание
56.mp4,Полученное описание
57.mp4,Полученное описание
58.mp4,Полученное описание
59.mp4,Полученное описание
60.mp4,Полученное описание
61.mp4,Полученное описание
62.mp4,Полученное описание
63.mp4,Полученное описание
64.mp4,Полученное описание
65.mp4,Полученное описание
66.mp4,Полученное описание
67.mp4,Полученное описание
68.mp4,Полученное описание
69.mp4,Полученное описание
70.mp4,Полученное описание
71.mp4,Полученное описание
72.mp4,Полученное описание
73.mp4,Полученное описание
74.mp4,Полученное описание
75.mp4,Полученное описание
76.mp4,Полученное описание
77.mp4,Полученное описание
78.mp4,Полученное описание
79.mp4,Полученное описание
80.mp4,Полученное описание
81.mp4,Полученное описание
82.mp4,Полученное описание
83.mp4,Полученное описание
84.mp4,Полученное описание
85.mp4,Полученное описание
86.mp4,Полученное описание
87.mp4,Полученное описание
88.mp4,Полученное описание
89.mp4,Полученное описание
90.mp4,Полученное описание
91.mp4,Полученное описание
92.mp4,Полученное описание
93.mp4,Полученное описание
94.mp4,Полученное описание
95.mp4,Полученное описание
96.mp4,Полученное описание
97.mp4,Полученное описание
98.mp4,Полученное описание
99.mp4,Полученное описание
